City_ID,City,Country,Date,Lat,Lng,Max Temp,Humidity,Cloudiness,Wind Speed
0,Rikitea,PF,2020-10-24 21:31:48,-23.12,-134.97,74.7,83,88,22.82
1,Vardo,NO,2020-10-24 21:31:49,70.37,31.11,39.45,76,100,22.59
2,Mataura,NZ,2020-10-24 21:31:49,-46.19,168.86,73.0,56,94,17.0
3,Bredasdorp,ZA,2020-10-24 21:31:50,-34.53,20.04,64.4,82,1,11.41
4,Yerbogachen,RU,2020-10-24 21:31:50,61.28,108.01,23.38,97,100,3.38
5,Touros,BR,2020-10-24 21:31:50,-5.2,-35.46,78.8,83,40,9.17
6,Huancabamba,PE,2020-10-24 21:31:51,-5.24,-79.45,63.84,70,90,3.69
7,Rincon,US,2020-10-24 21:31:51,32.3,-81.24,82.4,58,40,11.41
8,Pishin,PK,2020-10-24 21:31:51,30.58,67.0,39.43,68,0,1.57
9,Gisborne,NZ,2020-10-24 21:29:52,-38.65,178.0,73.0,58,0,5.01
10,Kruisfontein,ZA,2020-10-24 21:31:53,-34.0,24.73,63.0,83,0,1.01
11,Clyde River,CA,2020-10-24 21:22:16,70.47,-68.59,19.4,73,90,4.7
12,Kitoy,RU,2020-10-24 21:31:53,52.6,103.9,35.6,100,90,4.47
13,Ketchikan,US,2020-10-24 21:22:22,55.34,-131.65,44.6,24,1,5.82
14,Seoul,KR,2020-10-24 21:29:18,37.57,126.98,39.2,93,1,1.25
15,Tazovskiy,RU,2020-10-24 21:22:27,67.47,78.7,14.92,97,95,7.43
16,Kaitangata,NZ,2020-10-24 21:31:55,-46.28,169.85,70.09,48,100,10.94
17,Aguimes,ES,2020-10-24 21:31:55,27.91,-15.45,71.6,68,40,19.46
18,Kodiak,US,2020-10-24 21:31:56,57.79,-152.41,46.4,87,20,6.93
19,Ushuaia,AR,2020-10-24 21:31:56,-54.8,-68.3,48.2,57,75,13.87
20,Baruun-Urt,MN,2020-10-24 21:31:56,46.68,113.28,33.57,84,99,6.35
21,Albany,US,2020-10-24 21:31:57,42.6,-73.97,52.0,71,37,3.0
22,Cusuna,HN,2020-10-24 21:31:57,15.85,-85.23,81.9,83,82,9.15
23,Kysyl-Syr,RU,2020-10-24 21:31:58,63.9,122.76,15.13,95,20,5.35
24,Butaritari,KI,2020-10-24 21:31:58,3.07,172.79,81.95,66,15,6.76
25,Ribeira Grande,PT,2020-10-24 21:31:58,38.52,-28.7,66.2,93,40,17.22
26,Vila Velha,BR,2020-10-24 21:29:27,-20.33,-40.29,72.0,100,75,4.7
27,Pasighat,IN,2020-10-24 21:31:59,28.07,95.33,71.44,88,100,1.48
28,San Patricio,US,2020-10-24 21:31:59,28.02,-97.52,73.99,46,75,6.93
29,Wewak,PG,2020-10-24 21:32:00,-3.55,143.63,81.95,73,36,2.8
30,Roebourne,AU,2020-10-24 21:32:00,-20.78,117.13,64.72,86,0,8.9
31,Cidreira,BR,2020-10-24 21:32:01,-30.18,-50.21,68.54,89,63,13.09
32,Surt,LY,2020-10-24 21:32:01,31.21,16.59,68.95,68,0,4.27
33,Puerto Ayora,EC,2020-10-24 21:32:01,-0.74,-90.35,77.0,69,40,14.99
34,U Thong,TH,2020-10-24 21:32:02,14.38,99.89,71.2,81,38,3.31
35,Dubuque,US,2020-10-24 21:32:03,42.48,-90.87,42.01,52,20,6.33
36,Lebu,CL,2020-10-24 21:32:03,-37.62,-73.65,53.71,74,32,7.4
37,Punta Arenas,CL,2020-10-24 21:32:04,-53.15,-70.92,42.8,93,90,13.87
38,San Carlos De Bariloche,AR,2020-10-24 21:32:04,-41.15,-71.31,50.0,57,40,19.46
39,Norsup,VU,2020-10-24 21:32:05,-16.07,167.38,80.6,83,40,9.17
40,Verkhnyaya Inta,RU,2020-10-24 21:32:05,65.98,60.31,20.28,92,95,12.82
41,Bluff,NZ,2020-10-24 21:32:05,-46.6,168.33,73.0,56,89,17.0
42,Qaanaaq,GL,2020-10-24 21:32:06,77.48,-69.36,17.28,91,100,13.04
43,Vaini,TO,2020-10-24 21:32:06,-21.2,-175.2,75.2,88,90,11.41
44,Mattru,SL,2020-10-24 21:32:07,7.62,-11.83,75.13,93,65,2.77
45,Zhoucheng,CN,2020-10-24 21:32:07,35.91,116.31,48.9,54,80,7.14
46,Nikolskoye,RU,2020-10-24 21:32:08,59.7,30.79,39.0,93,20,4.47
47,Yatou,CN,2020-10-24 21:32:08,37.15,122.38,48.45,49,74,4.41
48,Sambava,MG,2020-10-24 21:32:09,-14.27,50.17,72.21,85,24,10.74
49,Cape Town,ZA,2020-10-24 21:32:09,-33.93,18.42,61.0,93,20,3.36
50,Vicuna,CL,2020-10-24 21:32:09,-30.03,-70.71,73.99,26,0,1.01
51,Nome,US,2020-10-24 21:32:10,64.5,-165.41,36.0,96,90,11.41
52,New Norfolk,AU,2020-10-24 21:27:16,-42.78,147.06,46.0,64,2,3.0
53,Hamilton,US,2020-10-24 21:32:11,39.18,-84.53,51.8,53,75,11.41
54,Port Alfred,ZA,2020-10-24 21:32:11,-33.59,26.89,65.66,89,8,5.37
55,Castro,BR,2020-10-24 21:31:06,-24.79,-50.01,64.31,89,73,4.34
56,Tete,MZ,2020-10-24 21:32:12,-16.16,33.59,82.4,42,0,8.05
57,Esperance,AU,2020-10-24 21:32:12,-33.87,121.9,50.0,100,9,11.41
58,Moron,AR,2020-10-24 21:32:13,-34.65,-58.62,75.99,83,75,6.93
59,Yulara,AU,2020-10-24 21:32:13,-25.24,130.99,59.0,47,0,11.41
60,Constitucion,CL,2020-10-24 21:32:14,-35.33,-72.42,55.18,79,100,16.13
61,Ariquemes,BR,2020-10-24 21:32:14,-9.91,-63.04,86.22,58,56,2.66
62,Bethel,US,2020-10-24 21:30:02,41.37,-73.41,57.99,77,95,10.45
63,Fairbanks,US,2020-10-24 21:21:39,64.84,-147.72,30.0,79,20,2.84
64,Banda Aceh,ID,2020-10-24 21:32:15,5.56,95.32,76.6,83,100,8.46
65,Ponta Delgada,PT,2020-10-24 21:22:27,37.73,-25.67,68.0,82,75,17.22
66,Saint-Philippe,RE,2020-10-24 21:32:16,-21.36,55.77,71.6,60,0,8.05
67,Fare,PF,2020-10-24 21:32:17,-16.7,-151.02,79.74,72,31,6.6
68,Busselton,AU,2020-10-24 21:32:17,-33.65,115.33,57.0,50,53,10.6
69,Axim,GH,2020-10-24 21:32:17,4.87,-2.24,78.03,87,84,8.66
70,Shepsi,RU,2020-10-24 21:32:18,44.04,39.15,66.87,38,0,3.33
71,Torres,BR,2020-10-24 21:32:18,-29.34,-49.73,68.86,89,73,9.84
72,Nchelenge,ZM,2020-10-24 21:32:19,-9.35,28.73,76.78,66,0,3.02
73,Codrington,AU,2020-10-24 21:22:31,-38.27,141.97,47.16,69,51,16.62
74,Upernavik,GL,2020-10-24 21:32:19,72.79,-56.15,22.78,95,100,10.67
75,Yakeshi,CN,2020-10-24 21:32:20,49.28,120.73,20.93,94,0,1.32
76,Ponta Do Sol,PT,2020-10-24 21:32:21,32.67,-17.1,66.2,68,40,8.05
77,Grand Gaube,MU,2020-10-24 21:32:21,-20.01,57.66,69.01,87,35,4.0
78,Cacador,BR,2020-10-24 21:32:21,-26.78,-51.02,62.85,88,97,4.63
79,Yellowknife,CA,2020-10-24 21:31:29,62.46,-114.35,26.6,58,40,9.17
80,Hobart,AU,2020-10-24 21:29:34,-42.88,147.33,46.0,65,40,10.29
81,Arraial Do Cabo,BR,2020-10-24 21:32:22,-22.97,-42.03,69.8,100,90,13.87
82,Igarka,RU,2020-10-24 21:32:23,67.47,86.58,11.93,96,96,13.04
83,Nsanje,MW,2020-10-24 21:32:23,-16.92,35.26,71.08,81,0,3.83
84,Bathsheba,BB,2020-10-24 21:32:24,13.22,-59.52,84.2,70,40,20.8
85,Mar Del Plata,AR,2020-10-24 21:32:24,-38.0,-57.56,60.8,93,90,6.93
86,Klaksvik,FO,2020-10-24 21:32:24,62.23,-6.59,46.4,81,2,16.11
87,Cabog,PH,2020-10-24 21:32:25,15.32,121.37,77.99,81,93,2.39
88,Calvinia,ZA,2020-10-24 21:32:26,-31.47,19.78,65.05,31,0,5.77
89,Beyneu,KZ,2020-10-24 21:32:26,45.32,55.2,53.78,46,100,10.56
90,Fortuna,US,2020-10-24 21:28:02,40.6,-124.16,61.0,67,90,11.41
91,Kenai,US,2020-10-24 21:32:27,60.55,-151.26,44.6,72,90,14.99
92,Atuona,PF,2020-10-24 21:32:28,-9.8,-139.03,78.53,76,1,23.11
93,Saskylakh,RU,2020-10-24 21:32:28,71.92,114.08,14.47,95,100,21.47
94,Novikovo,RU,2020-10-24 21:32:28,51.15,37.89,53.98,92,100,7.23
95,San Bartolome De Tirajana,ES,2020-10-24 21:32:29,27.92,-15.57,71.6,68,40,19.46
96,Betanzos,ES,2020-10-24 21:32:29,43.28,-8.21,64.0,87,40,26.4
97,Mandera,KE,2020-10-24 21:32:30,3.94,41.87,81.7,65,100,19.04
98,Tynda,RU,2020-10-24 21:32:30,55.17,124.72,20.1,96,0,1.95
99,Meulaboh,ID,2020-10-24 21:22:44,4.14,96.13,73.89,95,100,6.31
100,Birobidzhan,RU,2020-10-24 21:32:31,48.8,132.95,37.02,79,87,8.34
101,Beringovskiy,RU,2020-10-24 21:32:31,63.05,179.32,30.83,96,100,14.9
102,Pevek,RU,2020-10-24 21:32:31,69.7,170.31,26.71,92,0,13.11
103,Sao Filipe,CV,2020-10-24 21:28:08,14.9,-24.5,81.39,74,95,10.29
104,Inverness,GB,2020-10-24 21:29:59,57.48,-4.22,45.0,93,1,2.24
105,Avarua,CK,2020-10-24 21:32:33,-21.21,-159.78,77.0,65,52,13.87
106,Tuktoyaktuk,CA,2020-10-24 21:32:33,69.45,-133.04,15.8,92,75,4.7
107,Partizanskoye,RU,2020-10-24 21:32:34,55.5,94.39,25.18,92,36,12.88
108,Amapa,BR,2020-10-24 21:32:34,1.0,-52.0,84.94,52,72,3.53
109,Pedernales,DO,2020-10-24 21:32:35,18.04,-71.74,84.2,83,40,18.34
110,Sawakin,SD,2020-10-24 21:32:35,19.11,37.33,80.28,76,0,5.7
111,Hithadhoo,MV,2020-10-24 21:31:03,-0.6,73.08,83.3,74,45,10.76
112,Jamestown,US,2020-10-24 21:32:36,42.1,-79.24,43.0,80,90,5.82
113,Yashkino,RU,2020-10-24 21:32:36,55.87,85.43,24.8,79,40,8.95
114,Le Mars,US,2020-10-24 21:32:37,42.79,-96.17,30.99,58,40,10.29
115,Longyearbyen,SJ,2020-10-24 21:32:37,78.22,15.64,21.2,79,75,3.36
116,Moengo,SR,2020-10-24 21:32:37,5.62,-54.4,81.52,74,54,5.88
117,Iqaluit,CA,2020-10-24 21:32:38,63.75,-68.51,26.6,86,90,4.54
118,Kapaa,US,2020-10-24 21:32:39,22.08,-159.32,84.0,69,40,14.99
119,Marienburg,PL,2020-10-24 21:32:39,54.04,19.03,50.0,93,0,6.93
120,Chuy,UY,2020-10-24 21:32:39,-33.7,-53.46,63.82,95,21,6.15
121,Comodoro Rivadavia,AR,2020-10-24 21:30:01,-45.87,-67.5,60.8,59,75,14.99
122,Abulug,PH,2020-10-24 21:32:40,18.45,121.45,79.72,86,100,12.66
123,Presidente Medici,BR,2020-10-24 21:32:41,-11.18,-61.9,81.77,67,92,4.76
124,Katsuura,JP,2020-10-24 21:32:41,35.13,140.3,57.99,50,40,16.11
125,Moose Factory,CA,2020-10-24 21:32:42,51.26,-80.61,33.8,47,90,10.29
126,Tiksi,RU,2020-10-24 21:32:42,71.69,128.87,11.77,92,100,24.49
127,Kavieng,PG,2020-10-24 21:32:43,-2.57,150.8,84.27,66,92,3.44
128,Gimli,CA,2020-10-24 21:29:19,50.63,-96.99,30.0,98,85,5.99
129,Kyritz,DE,2020-10-24 21:32:43,52.94,12.4,57.99,79,66,5.01
130,Buchmany,UA,2020-10-24 21:32:44,51.07,28.04,49.28,95,66,7.38
131,Atar,MR,2020-10-24 21:32:44,20.52,-13.05,88.93,22,100,8.3
132,Hermanus,ZA,2020-10-24 21:32:45,-34.42,19.23,62.01,90,29,3.0
133,Juelsminde,DK,2020-10-24 21:32:45,55.71,10.02,53.6,93,100,10.29
134,Saint Anthony,US,2020-10-24 21:32:45,45.02,-93.22,32.0,50,40,9.17
135,Luwingu,ZM,2020-10-24 21:32:46,-10.26,29.93,70.41,32,27,3.53
136,Pochutla,MX,2020-10-24 21:32:46,15.74,-96.47,86.0,70,90,4.72
137,Deputatskiy,RU,2020-10-24 21:32:47,69.3,139.9,8.94,90,0,10.36
138,Banjar,ID,2020-10-24 21:32:48,-8.19,114.97,77.23,79,64,4.23
139,Amvrosiyivka,UA,2020-10-24 21:32:48,47.79,38.48,56.5,94,92,6.76
140,Khandyga,RU,2020-10-24 21:32:48,62.67,135.6,9.5,92,40,2.39
141,Hilo,US,2020-10-24 21:32:49,19.73,-155.09,86.0,66,75,12.75
142,Pacific Grove,US,2020-10-24 21:22:31,36.62,-121.92,68.0,63,40,6.93
143,Barrow,US,2020-10-24 21:32:50,71.29,-156.79,30.2,92,90,12.75
144,Port Hardy,CA,2020-10-24 21:32:50,50.7,-127.42,46.4,39,20,17.22
145,Waitati,NZ,2020-10-24 21:32:50,-45.75,170.57,68.02,50,100,15.32
146,Beisfjord,NO,2020-10-24 21:32:51,68.38,17.6,32.0,91,72,6.93
147,Uvira,CD,2020-10-24 21:32:51,-3.41,29.15,76.12,60,50,5.01
148,Puerto Escondido,MX,2020-10-24 21:32:52,15.85,-97.07,84.79,73,89,4.85
149,Port Elizabeth,ZA,2020-10-24 21:32:52,-33.92,25.57,63.0,83,14,1.01
150,Nampa,US,2020-10-24 21:31:01,43.54,-116.56,52.0,50,90,20.8
151,Luganville,VU,2020-10-24 21:32:53,-15.53,167.17,80.6,83,40,9.17
152,Russell,US,2020-10-24 21:32:53,32.35,-85.2,69.8,94,90,2.68
153,Lasa,IT,2020-10-24 21:32:54,46.62,10.7,50.0,86,5,3.36
154,East London,ZA,2020-10-24 21:30:24,-33.02,27.91,69.44,83,4,0.4
155,Gao,ML,2020-10-24 21:32:54,16.64,1.64,83.34,13,0,11.45
156,Xuddur,SO,2020-10-24 21:32:55,4.12,43.89,72.77,88,100,11.45
157,Seshcha,RU,2020-10-24 21:32:55,53.74,33.34,47.41,94,100,8.57
158,Serik,TR,2020-10-24 21:32:55,36.92,31.1,73.4,35,0,8.05
159,Nabire,ID,2020-10-24 21:32:56,-3.37,135.48,77.76,82,99,3.2
160,Coquimbo,CL,2020-10-24 21:29:04,-29.95,-71.34,57.2,71,90,8.05
161,Flinders,AU,2020-10-24 21:32:57,-34.58,150.86,55.0,83,96,5.01
162,San Cristobal,VE,2020-10-24 21:30:34,7.77,-72.22,87.8,58,40,9.17
163,Aykhal,RU,2020-10-24 21:32:57,66.0,111.5,10.4,92,40,4.47
164,Sao Domingos,BR,2020-10-24 21:32:58,-13.4,-46.32,72.0,84,94,3.56
165,Frutigen,CH,2020-10-24 21:32:58,46.59,7.65,48.99,88,22,5.93
166,Tevriz,RU,2020-10-24 21:32:59,57.51,72.4,26.71,93,100,12.01
167,Namibe,AO,2020-10-24 21:32:59,-15.2,12.15,68.52,80,76,7.7
168,Prince Rupert,CA,2020-10-24 21:32:59,54.32,-130.32,42.8,28,1,2.24
169,Dunedin,NZ,2020-10-24 21:30:24,-45.87,170.5,68.31,50,100,15.7
170,Douentza,ML,2020-10-24 21:33:00,15.0,-2.95,84.22,14,8,5.91
171,Nizhniy Kuranakh,RU,2020-10-24 21:33:01,58.84,125.49,19.74,96,15,1.12
172,Jashpurnagar,IN,2020-10-24 21:33:01,22.9,84.15,64.04,58,53,3.58
173,Bubaque,GW,2020-10-24 21:33:01,11.28,-15.83,82.99,80,24,11.86
174,Karratha,AU,2020-10-24 21:33:02,-20.74,116.85,64.26,88,0,9.44
175,Scharding,AT,2020-10-24 21:33:02,48.45,13.44,53.01,91,11,2.3
176,Yar-Sale,RU,2020-10-24 21:33:03,66.83,70.83,16.3,96,59,5.55
177,Rocha,UY,2020-10-24 21:33:03,-34.48,-54.33,62.6,95,19,6.29
178,Hervey Bay,AU,2020-10-24 21:23:20,-25.3,152.85,77.0,82,21,5.01
179,Meadow Lake,US,2020-10-24 21:23:21,34.8,-106.54,75.99,24,75,9.17
180,Grindavik,IS,2020-10-24 21:33:04,63.84,-22.43,42.8,70,75,26.4
181,Chapada Dos Guimaraes,BR,2020-10-24 21:33:05,-15.46,-55.75,77.0,83,40,8.05
182,Tasiilaq,GL,2020-10-24 21:33:05,65.61,-37.64,32.0,92,97,3.04
183,Saldanha,ZA,2020-10-24 21:33:06,-33.01,17.94,62.6,82,7,6.93
184,Geraldton,AU,2020-10-24 21:33:06,-28.77,114.6,51.8,87,0,6.93
185,Tooele,US,2020-10-24 21:31:01,40.53,-112.3,61.0,44,1,8.05
186,Margate,GB,2020-10-24 21:32:51,51.38,1.39,60.01,83,93,10.0
187,Manbij,SY,2020-10-24 21:33:07,36.53,37.95,60.8,38,75,3.24
188,Port Hedland,AU,2020-10-24 21:33:07,-20.32,118.57,69.8,83,0,9.17
189,Poum,NC,2020-10-24 21:33:08,-20.23,164.02,77.95,78,0,18.68
190,Corbelia,BR,2020-10-24 21:33:08,-24.8,-53.31,71.82,73,14,11.7
191,Macau,MO,2020-10-24 21:33:09,22.2,113.55,75.2,73,20,11.41
192,Lar,IN,2020-10-24 21:33:09,26.2,83.97,69.75,43,0,3.11
193,Bilibino,RU,2020-10-24 21:33:09,68.05,166.44,17.78,87,0,2.13
194,Husavik,IS,2020-10-24 21:33:10,66.04,-17.34,41.0,75,90,19.46
195,Okato,NZ,2020-10-24 21:33:10,-39.2,173.88,57.0,96,70,7.0
196,Tucurui,BR,2020-10-24 21:33:10,-3.77,-49.67,86.0,49,89,1.05
197,Georgetown,MY,2020-10-24 21:30:50,5.41,100.34,78.8,88,20,3.36
198,Broome,US,2020-10-24 21:33:11,42.25,-75.83,46.99,70,90,11.41
199,Mount Gambier,AU,2020-10-24 21:33:12,-37.83,140.77,46.4,75,75,9.17
200,Vestmannaeyjar,IS,2020-10-24 21:33:12,63.44,-20.27,46.31,62,82,26.46
201,Charters Towers,AU,2020-10-24 21:33:12,-20.1,146.27,77.56,62,0,6.73
202,Oistins,BB,2020-10-24 21:31:09,13.07,-59.53,84.2,70,40,20.8
203,Marysville,US,2020-10-24 21:29:47,48.05,-122.18,51.01,61,90,10.29
204,Lhokseumawe,ID,2020-10-24 21:32:30,5.18,97.15,76.78,88,100,6.96
205,Ishigaki,JP,2020-10-24 21:32:18,24.34,124.16,73.4,69,20,18.34
206,Sola,VU,2020-10-24 21:28:24,-13.88,167.55,84.2,79,75,5.82
207,Mujiayingzi,CN,2020-10-24 21:33:14,42.12,118.78,41.27,58,100,5.23
208,Magadi,IN,2020-10-24 21:33:15,12.97,77.23,71.6,83,75,2.24
209,Turayf,SA,2020-10-24 21:33:15,31.67,38.66,64.4,25,0,10.29
210,Aguas Belas,BR,2020-10-24 21:33:16,-9.11,-37.12,76.08,65,45,13.18
211,Novobataysk,RU,2020-10-24 21:33:16,46.9,39.78,60.8,87,40,8.95
212,Cabo San Lucas,MX,2020-10-24 21:33:17,22.89,-109.91,90.0,58,20,9.17
213,Poopo,BO,2020-10-24 21:33:17,-18.37,-66.97,60.67,27,0,7.02
214,Lagoa,PT,2020-10-24 21:32:43,39.05,-27.98,65.88,78,87,18.45
215,Cumra,TR,2020-10-24 21:33:18,37.57,32.77,53.6,46,0,2.95
216,Lian,PH,2020-10-24 21:33:18,14.04,120.65,77.0,100,75,2.24
217,Mahebourg,MU,2020-10-24 21:33:19,-20.41,57.7,71.6,88,75,12.75
218,Ambilobe,MG,2020-10-24 21:33:19,-13.2,49.05,72.23,77,5,4.41
219,Camacha,PT,2020-10-24 21:33:19,33.08,-16.33,64.4,72,20,2.24
220,Grand Island,US,2020-10-24 21:33:20,40.92,-98.34,33.8,59,90,13.87
221,Turkistan,KZ,2020-10-24 21:33:20,43.0,68.0,31.14,90,0,0.36
222,Nador,MA,2020-10-24 21:33:21,35.17,-2.93,62.6,72,0,3.53
223,Mizdah,LY,2020-10-24 21:33:21,31.45,12.98,64.2,45,23,8.93
224,Luderitz,NA,2020-10-24 21:33:21,-26.65,15.16,61.23,74,17,16.02
225,Shelburne,CA,2020-10-24 21:32:30,44.08,-80.2,39.99,80,90,8.05
226,Iskateley,RU,2020-10-24 21:33:22,67.68,53.15,17.13,94,81,12.88
227,Portland,US,2020-10-24 21:33:09,45.52,-122.68,52.0,57,90,20.8
228,Harbour Breton,CA,2020-10-24 21:33:23,47.48,-55.8,53.01,100,100,8.01
229,Niquero,CU,2020-10-24 21:33:23,20.04,-77.58,80.83,82,100,12.77
230,Saint-Georges,GD,2020-10-24 21:33:24,12.06,-61.75,86.0,74,29,18.34
231,Yeppoon,AU,2020-10-24 21:33:24,-23.13,150.73,71.6,94,90,7.9
232,Shingu,JP,2020-10-24 21:30:23,33.73,135.98,48.99,74,0,6.2
233,Komsomolskiy,UZ,2020-10-24 21:33:25,40.43,71.72,46.4,52,100,6.93
234,Sorland,NO,2020-10-24 21:33:26,67.67,12.69,42.98,68,0,16.8
235,Prince George,CA,2020-10-24 21:33:26,53.92,-122.75,28.0,41,1,4.7
236,Faanui,PF,2020-10-24 21:33:26,-16.48,-151.75,79.32,74,42,7.09
237,Christiansburg,US,2020-10-24 21:33:27,37.13,-80.41,71.01,73,40,4.21
238,Waipawa,NZ,2020-10-24 21:33:27,-41.41,175.52,60.8,100,22,21.92
239,La Rioja,ES,2020-10-24 21:33:28,42.25,-2.5,54.0,81,0,5.82
240,Birjand,IR,2020-10-24 21:33:28,32.87,59.22,46.4,42,0,6.93
241,Vao,NC,2020-10-24 21:33:28,-22.67,167.48,73.09,80,69,14.45
242,Asau,RO,2020-10-24 21:33:29,46.43,26.4,52.0,98,100,2.71
243,Roald,NO,2020-10-24 21:33:29,62.58,6.13,48.99,61,100,19.46
244,Prieska,ZA,2020-10-24 21:33:29,-29.66,22.75,81.52,16,0,8.08
245,Zhangjiakou,CN,2020-10-24 21:33:30,40.81,114.88,45.16,49,98,1.28
246,Paamiut,GL,2020-10-24 21:33:30,61.99,-49.67,30.07,85,13,6.31
247,Tsiroanomandidy,MG,2020-10-24 21:33:31,-18.77,46.03,72.39,54,89,2.71
248,Yokadouma,CM,2020-10-24 21:33:31,3.52,15.05,70.63,96,100,0.56
249,Salalah,OM,2020-10-24 21:33:32,17.02,54.09,75.2,41,0,1.12
250,Cabedelo,BR,2020-10-24 21:33:32,-6.98,-34.83,78.8,83,75,8.05
251,Mangrol,IN,2020-10-24 21:33:32,21.12,70.12,80.83,65,23,5.46
252,Chissamba,AO,2020-10-24 21:33:33,-12.17,17.33,66.92,71,35,4.7
253,Alto Araguaia,BR,2020-10-24 21:28:51,-17.31,-53.22,80.67,65,95,1.05
254,Cherskiy,RU,2020-10-24 21:33:34,68.75,161.3,17.02,93,4,4.94
255,Acapulco,MX,2020-10-24 21:31:47,16.86,-99.89,87.8,74,75,9.17
256,Gobabis,NA,2020-10-24 21:33:34,-22.45,18.97,74.28,21,78,9.04
257,Severo-Kurilsk,RU,2020-10-24 21:33:35,50.68,156.12,46.92,91,100,25.52
258,Boa Vista,BR,2020-10-24 21:33:35,2.82,-60.67,95.0,39,20,9.17
259,Tahta,EG,2020-10-24 21:33:36,26.77,31.5,73.4,35,0,6.93
260,Nouadhibou,MR,2020-10-24 21:33:36,20.93,-17.03,71.6,73,0,14.99
261,Elatia,GR,2020-10-24 21:33:37,39.81,22.54,53.6,93,20,1.12
262,Krasnoselkup,RU,2020-10-24 21:33:37,65.7,82.47,7.32,95,84,9.13
263,Cockburn Town,TC,2020-10-24 21:33:37,21.46,-71.14,86.0,70,40,11.41
264,Trairi,BR,2020-10-24 21:33:38,-3.28,-39.27,79.86,79,1,10.92
265,Pisco,PE,2020-10-24 21:33:38,-13.7,-76.22,66.2,77,0,18.34
266,Ilovlya,RU,2020-10-24 21:33:39,49.3,43.98,57.0,76,0,6.71
267,Buenos Aires,AR,2020-10-24 21:28:56,-34.61,-58.38,70.0,93,20,12.75
268,Manacapuru,BR,2020-10-24 21:33:39,-3.3,-60.62,82.4,78,75,9.17
269,Hay River,CA,2020-10-24 21:33:40,60.82,-115.8,30.2,68,75,8.05
270,Quincy,US,2020-10-24 21:29:33,42.25,-71.0,68.0,72,75,6.93
271,Norman Wells,CA,2020-10-24 21:33:41,65.28,-126.83,21.2,92,75,9.17
272,Hualmay,PE,2020-10-24 21:33:41,-11.1,-77.61,66.2,75,26,9.57
273,Naze,JP,2020-10-24 21:33:42,28.37,129.48,69.8,60,75,14.99
274,Nanortalik,GL,2020-10-24 21:33:42,60.14,-45.24,32.45,90,15,10.04
275,Necochea,AR,2020-10-24 21:33:42,-38.55,-58.74,59.86,94,23,11.3
276,Saint George,US,2020-10-24 21:32:46,37.1,-113.58,79.0,31,1,3.36
277,Tayshet,RU,2020-10-24 21:33:43,55.93,98.0,29.55,91,100,13.06
278,Arrecife,ES,2020-10-24 21:33:44,28.96,-13.55,69.8,73,20,12.75
279,Saint-Joseph,RE,2020-10-24 21:33:44,-21.37,55.62,68.0,60,0,8.05
280,Balint,RO,2020-10-24 21:33:44,45.81,21.85,55.4,100,90,2.24
281,Destin,US,2020-10-24 21:29:55,30.39,-86.5,77.0,78,1,3.36
282,Qaqortoq,GL,2020-10-24 21:33:45,60.72,-46.03,30.2,68,33,3.36
283,Kokorevka,RU,2020-10-24 21:33:45,52.59,34.28,52.97,94,100,10.27
284,Tiarei,PF,2020-10-24 21:33:46,-17.53,-149.33,84.2,70,75,6.93
285,San Javier,ES,2020-10-24 21:33:46,37.81,-0.84,63.0,82,0,4.7
286,San Juan Del Rio,MX,2020-10-24 21:33:47,20.38,-100.0,77.0,29,20,11.41
287,Qianan,CN,2020-10-24 21:33:47,44.99,124.06,36.16,80,0,5.21
288,Khatanga,RU,2020-10-24 21:33:47,71.97,102.5,6.8,95,100,14.85
289,Mushie,CD,2020-10-24 21:33:48,-3.02,16.9,72.91,92,99,1.63
290,Belle Fourche,US,2020-10-24 21:33:48,44.67,-103.85,19.99,92,75,11.41
291,Ancud,CL,2020-10-24 21:33:49,-41.87,-73.82,52.0,87,90,12.75
292,Bac Lieu,VN,2020-10-24 21:33:49,9.29,105.72,77.13,88,89,3.71
293,Cubuk,TR,2020-10-24 21:33:49,40.24,33.03,64.0,53,0,1.99
294,Isangel,VU,2020-10-24 21:33:50,-19.55,169.27,80.6,69,75,11.43
295,Pangnirtung,CA,2020-10-24 21:33:50,66.15,-65.71,18.37,90,95,4.94
296,Chicama,PE,2020-10-24 21:33:51,-7.84,-79.15,66.2,77,0,12.75
297,Nantucket,US,2020-10-24 21:33:51,41.28,-70.1,62.6,82,90,10.29
298,Galveston,US,2020-10-24 21:30:45,29.37,-94.97,72.0,68,75,12.75
299,Acarau,BR,2020-10-24 21:33:52,-2.89,-40.12,79.86,79,4,16.55
300,Guerrero Negro,MX,2020-10-24 21:33:52,27.98,-114.06,72.9,63,16,17.63
301,Darlington,GB,2020-10-24 21:33:52,54.52,-1.55,46.99,87,40,6.93
302,Nakasongola,UG,2020-10-24 21:33:53,1.31,32.46,66.04,93,29,2.84
303,Narsaq,GL,2020-10-24 21:33:53,60.92,-46.05,30.2,68,30,3.36
304,Bairiki,KI,2020-10-24 21:33:53,1.33,172.98,82.4,74,20,9.17
305,Ilulissat,GL,2020-10-24 21:29:57,69.22,-51.1,21.2,62,51,10.29
306,Sakakah,SA,2020-10-24 21:33:54,29.97,40.21,68.0,16,0,6.93
307,Los Llanos De Aridane,ES,2020-10-24 21:33:55,28.66,-17.92,73.4,64,90,12.75
308,Gander,CA,2020-10-24 21:33:55,48.97,-54.59,48.2,76,90,17.22
309,Biltine,TD,2020-10-24 21:33:55,14.53,20.92,80.02,18,51,10.18
310,Nyurba,RU,2020-10-24 21:33:56,63.28,118.33,21.36,95,82,5.88
311,Gwanda,ZW,2020-10-24 21:33:56,-20.93,29.0,70.47,36,0,6.35
312,Kendari,ID,2020-10-24 21:33:57,-3.94,122.5,77.0,89,82,1.43
313,Provideniya,RU,2020-10-24 21:33:57,64.38,-173.3,34.56,87,78,15.05
314,Phan Thiet,VN,2020-10-24 21:33:58,10.93,108.1,74.59,85,85,2.44
315,Skogn,NO,2020-10-24 21:33:58,63.7,11.2,35.6,74,0,14.99
316,Ekhabi,RU,2020-10-24 21:33:59,53.51,142.97,39.56,93,0,2.08
317,Teya,RU,2020-10-24 21:33:59,60.38,92.63,26.49,96,100,7.81
318,Caluquembe,AO,2020-10-24 21:33:59,-13.78,14.68,65.41,73,81,4.43
319,Guilin,CN,2020-10-24 21:34:00,25.28,110.29,64.4,72,75,2.24
320,Zapolyarnyy,RU,2020-10-24 21:34:00,69.42,30.81,35.6,80,100,16.11
321,Hofn,IS,2020-10-24 21:34:01,64.25,-15.21,43.14,84,100,23.8
322,Victoria,HK,2020-10-24 21:33:51,22.29,114.16,75.0,70,98,1.99
323,Carnarvon,AU,2020-10-24 21:34:02,-24.87,113.63,69.8,100,75,14.99
324,Xichang,CN,2020-10-24 21:34:02,27.9,102.26,57.16,74,87,1.23
325,Batemans Bay,AU,2020-10-24 21:34:02,-35.72,150.18,51.01,94,100,4.0
326,Te Anau,NZ,2020-10-24 21:34:03,-45.42,167.72,61.84,73,100,11.23
327,Bunbury,AU,2020-10-24 21:34:04,-33.33,115.63,57.0,50,28,9.08
328,Muncar,ID,2020-10-24 21:34:05,-8.43,114.33,76.33,88,83,0.31
329,Saint-Pierre,RE,2020-10-24 21:34:05,-21.34,55.48,68.0,60,0,8.05
330,Dudinka,RU,2020-10-24 21:34:05,69.41,86.18,14.0,92,75,11.18
331,Kieta,PG,2020-10-24 21:34:06,-6.22,155.63,85.17,63,64,2.89
332,Castlemaine,AU,2020-10-24 21:34:06,-37.07,144.22,48.0,60,17,5.01
333,Mpanda,TZ,2020-10-24 21:34:07,-6.37,31.04,72.82,55,1,1.97
334,Muros,ES,2020-10-24 21:34:08,42.78,-9.06,62.01,88,93,28.01
335,Richards Bay,ZA,2020-10-24 21:34:08,-28.78,32.04,70.63,80,0,14.83
336,Thompson,CA,2020-10-24 21:34:08,55.74,-97.86,24.8,62,90,9.17
337,Agboville,CI,2020-10-24 21:34:09,5.93,-4.21,73.72,97,59,2.42
338,Gamba,GA,2020-10-24 21:34:10,-2.65,10.0,77.0,87,100,7.61
339,Hambantota,LK,2020-10-24 21:34:10,6.12,81.12,78.49,81,91,11.99
340,Plastun,RU,2020-10-24 21:34:10,44.76,136.29,34.81,84,71,6.85
341,Airai,TL,2020-10-24 21:34:11,-8.93,125.41,63.57,94,11,0.87
342,Jalingo,NG,2020-10-24 21:34:11,8.88,11.37,80.13,67,92,2.73
343,Yei,SS,2020-10-24 21:34:11,4.09,30.68,67.82,92,75,2.59
344,Cuamba,MZ,2020-10-24 21:34:12,-14.8,36.54,73.47,57,55,3.56
345,Brumado,BR,2020-10-24 21:34:12,-14.2,-41.67,80.55,47,87,4.38
346,Ust-Charyshskaya Pristan,RU,2020-10-24 21:34:13,52.39,83.66,25.38,88,0,6.62
347,Ostrovnoy,RU,2020-10-24 21:34:13,68.05,39.51,31.98,98,100,11.59
348,Rimini,IT,2020-10-24 21:34:14,44.02,12.52,57.0,93,99,5.82
349,Carutapera,BR,2020-10-24 21:34:14,-1.2,-46.02,78.28,81,11,6.69
350,Ilebo,CD,2020-10-24 21:34:14,-4.32,20.58,72.84,91,56,1.92
351,Cambridge,CA,2020-10-24 21:33:49,43.36,-80.31,45.0,65,90,8.05
352,Aasiaat,GL,2020-10-24 21:34:15,68.71,-52.87,17.76,97,89,10.38
353,Aborlan,PH,2020-10-24 21:34:16,9.44,118.55,77.0,88,90,4.7
354,Torbay,CA,2020-10-24 21:34:16,47.67,-52.73,48.99,93,90,27.51
355,Lixourion,GR,2020-10-24 21:34:17,38.2,20.43,64.35,70,85,2.66
356,Maues,BR,2020-10-24 21:34:17,-3.38,-57.72,78.64,85,100,4.23
357,Lompoc,US,2020-10-24 21:34:18,34.64,-120.46,66.2,68,90,10.29
358,Dikson,RU,2020-10-24 21:34:18,73.51,80.55,22.28,94,13,5.68
359,Kalmunai,LK,2020-10-24 21:34:19,7.42,81.82,78.75,78,99,4.99
360,Aklavik,CA,2020-10-24 21:34:20,68.22,-135.01,17.6,92,75,5.82
361,Orhei,MD,2020-10-24 21:34:20,47.38,28.82,57.2,87,0,6.93
362,Yazman,PK,2020-10-24 21:34:20,29.12,71.74,74.98,18,0,7.7
363,Roma,US,2020-10-24 21:34:02,43.21,-75.46,46.4,70,90,9.17
364,Sungaipenuh,ID,2020-10-24 21:34:21,-2.08,101.38,65.66,93,100,1.23
365,Lazarev,RU,2020-10-24 21:34:22,52.23,141.51,42.19,86,28,13.22
366,Katherine,AU,2020-10-24 21:34:22,-14.47,132.27,80.6,69,90,4.7
367,Sisimiut,GL,2020-10-24 21:33:44,66.94,-53.67,23.22,90,7,13.33
368,Sharan,RU,2020-10-24 21:34:23,54.82,54.0,44.04,92,86,8.75
369,Palmer,US,2020-10-24 21:34:23,42.16,-72.33,62.6,55,40,16.11
370,Mananjary,MG,2020-10-24 21:34:24,-21.22,48.33,69.73,82,25,2.89
371,Idritsa,RU,2020-10-24 21:34:24,56.33,28.9,46.78,96,100,6.44
372,Kitgum,UG,2020-10-24 21:34:25,3.28,32.89,68.72,85,79,1.72
373,Mitsamiouli,KM,2020-10-24 21:34:26,-11.38,43.28,78.26,77,0,10.33
374,Williston,US,2020-10-24 21:34:26,48.15,-103.62,21.2,73,90,8.05
375,Springbok,ZA,2020-10-24 21:34:27,-29.66,17.89,59.95,54,10,4.12
376,Gari,RU,2020-10-24 21:34:27,59.43,62.35,26.87,99,100,6.04
377,Machali,CL,2020-10-24 21:34:28,-34.18,-70.67,66.56,45,31,7.05
378,Narrabri,AU,2020-10-24 21:34:28,-30.32,149.78,66.2,77,90,11.41
379,Blackfoot,US,2020-10-24 21:34:29,43.19,-112.34,48.0,88,100,7.0
380,Pirovskoye,RU,2020-10-24 21:34:29,57.63,92.27,27.95,94,81,8.63
381,Rio Grande,BR,2020-10-24 21:34:23,-32.03,-52.1,70.0,88,36,4.0
382,Bambous Virieux,MU,2020-10-24 21:34:30,-20.34,57.76,71.6,88,75,12.75
383,Natal,BR,2020-10-24 21:34:30,-5.79,-35.21,78.8,83,40,9.17
384,Pauri,IN,2020-10-24 21:34:30,30.15,78.78,51.31,63,0,4.03
385,Alekseyevsk,RU,2020-10-24 21:34:31,57.84,108.35,34.54,92,100,9.4
386,La Libertad,EC,2020-10-24 21:34:31,-2.23,-80.9,77.0,73,20,13.89
387,Sioux Lookout,CA,2020-10-24 21:34:32,50.1,-91.92,28.4,58,75,3.36
388,Berlevag,NO,2020-10-24 21:34:32,70.86,29.09,38.61,76,100,19.01
389,Homer,US,2020-10-24 21:34:32,59.64,-151.55,51.8,53,75,5.82
390,Neiafu,TO,2020-10-24 21:34:33,-18.65,-173.98,77.0,88,90,5.82
391,Caravelas,BR,2020-10-24 21:34:33,-17.71,-39.25,75.31,85,77,8.1
392,Vagur,FO,2020-10-24 21:34:34,61.47,-6.81,48.87,74,37,27.65
393,Carora,VE,2020-10-24 21:34:34,10.18,-70.08,83.55,59,98,5.91
394,Agadez,NE,2020-10-24 21:33:38,19.75,10.25,72.28,20,0,9.84
395,Rodrigues Alves,BR,2020-10-24 21:34:35,-7.74,-72.65,90.12,51,95,3.24
396,Taoudenni,ML,2020-10-24 21:34:35,22.68,-3.98,88.18,12,0,7.99
397,Hirara,JP,2020-10-24 21:34:36,24.8,125.28,73.47,71,75,21.94
398,Ribnitz-Damgarten,DE,2020-10-24 21:34:36,54.25,12.47,53.6,93,75,5.82
399,Micheweni,TZ,2020-10-24 21:34:36,-4.97,39.83,78.53,81,70,8.63
400,Bayir,TR,2020-10-24 21:34:37,37.27,28.22,60.8,87,0,3.36
401,Havelock,US,2020-10-24 21:34:37,34.88,-76.9,77.0,57,1,6.93
402,Sur,OM,2020-10-24 21:34:38,22.57,59.53,77.16,50,0,10.76
403,Noyabrsk,RU,2020-10-24 21:34:38,63.2,75.45,17.47,97,91,9.6
404,Kidal,ML,2020-10-24 21:34:38,18.44,1.41,80.74,15,0,10.33
405,Srednekolymsk,RU,2020-10-24 21:34:39,67.45,153.68,13.3,94,1,4.43
406,Laguna,US,2020-10-24 21:34:39,38.42,-121.42,73.0,43,1,6.93
407,Trincomalee,LK,2020-10-24 21:34:40,8.57,81.23,79.74,76,86,12.71
408,Camacari,BR,2020-10-24 21:32:18,-12.7,-38.32,80.6,78,40,14.99
409,Atoyac,MX,2020-10-24 21:34:41,20.02,-103.53,82.4,18,5,3.36
410,Port Lincoln,AU,2020-10-24 21:34:41,-34.73,135.87,52.86,66,90,16.28
411,La Ronge,CA,2020-10-24 21:34:42,55.1,-105.28,24.8,53,90,11.41
412,Makokou,GA,2020-10-24 21:34:42,0.57,12.86,70.47,96,100,3.58
413,Hasaki,JP,2020-10-24 21:34:42,35.73,140.83,44.6,100,20,3.36
414,Japura,ID,2020-10-24 21:34:43,-0.32,102.35,74.86,94,100,1.45
415,Sherghati,IN,2020-10-24 21:34:43,24.57,84.78,66.2,88,27,5.01
416,Yarada,IN,2020-10-24 21:34:44,17.65,83.27,78.8,100,75,2.24
417,Tornio,FI,2020-10-24 21:34:44,65.85,24.15,26.6,92,0,4.7
418,Haines Junction,CA,2020-10-24 21:34:44,60.75,-137.51,27.93,73,100,1.3
419,Labuhan,ID,2020-10-24 21:34:45,-6.88,112.21,79.34,83,100,6.53
420,Abu Samrah,SY,2020-10-24 21:34:45,35.3,37.18,68.86,24,38,6.38
421,Am Timan,TD,2020-10-24 21:34:45,11.03,20.28,79.3,25,83,0.6
422,Bacungan,PH,2020-10-24 21:34:46,9.91,118.7,77.0,88,90,4.7
423,Lazaro Cardenas,MX,2020-10-24 21:34:46,17.96,-102.2,85.1,77,53,8.9
424,Newport,GB,2020-10-24 21:34:46,51.59,-3.0,52.0,97,100,1.99
425,Kilifi,KE,2020-10-24 21:34:47,-3.63,39.85,80.6,78,20,6.93
426,Lorengau,PG,2020-10-24 21:34:47,-2.02,147.27,84.38,61,15,6.04
427,Cozumel,MX,2020-10-24 21:31:42,20.51,-86.95,84.2,79,75,10.29
428,Aswan,EG,2020-10-24 21:34:48,24.09,32.91,75.15,31,0,15.23
429,Marystown,CA,2020-10-24 21:30:53,47.17,-55.15,53.01,100,100,8.01
430,Westport,US,2020-10-24 21:33:15,41.14,-73.36,62.6,72,40,9.17
431,Raymond,US,2020-10-24 21:34:49,43.9,-70.47,57.0,71,100,1.99
432,Flin Flon,CA,2020-10-24 21:34:02,54.77,-101.86,23.0,57,90,11.41
433,Lucea,JM,2020-10-24 21:34:50,18.45,-78.17,84.2,74,40,9.17
434,Tarko-Sale,RU,2020-10-24 21:34:51,64.92,77.78,12.9,95,91,8.68
435,Kawalu,ID,2020-10-24 21:34:51,-7.38,108.21,71.46,92,100,1.68
436,Boromo,BF,2020-10-24 21:34:51,11.75,-2.93,80.87,24,17,1.28
437,Riviere-Au-Renard,CA,2020-10-24 21:34:52,49.0,-64.4,48.2,93,90,11.41
438,Xiuyan,CN,2020-10-24 21:34:52,40.29,123.27,39.47,68,30,1.36
439,Denpasar,ID,2020-10-24 21:34:53,-8.65,115.22,77.94,83,78,3.04
440,Quimper,FR,2020-10-24 21:34:53,48.0,-4.1,51.8,100,90,11.41
441,Camopi,GF,2020-10-24 21:34:53,3.17,-52.32,83.1,63,34,4.9
442,Constantine,DZ,2020-10-24 21:34:54,36.37,6.61,53.6,81,20,3.36
443,Sembe,CG,2020-10-24 21:34:54,1.65,14.58,72.48,88,100,2.19
444,Maniitsoq,GL,2020-10-24 21:34:54,65.42,-52.9,23.99,88,0,11.25
445,Marzuq,YE,2020-10-24 21:34:55,14.4,46.47,63.46,27,0,1.43
446,Tigre,AR,2020-10-24 21:31:27,-34.43,-58.58,75.0,88,14,9.17
447,Tarakan,ID,2020-10-24 21:34:55,3.3,117.63,79.05,82,100,5.86
448,Gaffney,US,2020-10-24 21:34:56,35.07,-81.65,78.8,57,1,3.36
449,Noumea,NC,2020-10-24 21:34:56,-22.28,166.46,80.6,61,0,5.82
450,Tautira,PF,2020-10-24 21:34:57,-17.73,-149.15,84.2,70,75,6.93
451,Erenhot,CN,2020-10-24 21:34:57,43.65,111.98,44.04,77,14,7.78
452,Caconda,AO,2020-10-24 21:34:57,-13.73,15.07,65.8,56,88,4.59
453,Broken Hill,AU,2020-10-24 21:34:58,-31.95,141.43,46.4,81,90,13.87
454,Raudeberg,NO,2020-10-24 21:34:58,61.99,5.14,50.0,71,100,21.92
455,Fort-Shevchenko,KZ,2020-10-24 21:34:58,44.51,50.26,61.11,94,90,11.65
456,Amlame,TG,2020-10-24 21:34:59,7.47,0.9,72.27,86,75,1.72
457,Huejuquilla El Alto,MX,2020-10-24 21:34:59,22.6,-103.87,80.24,26,0,3.02
458,Kupang,ID,2020-10-24 21:35:00,-10.17,123.58,77.0,94,20,2.24
459,Sharjah,AE,2020-10-24 21:35:00,25.36,55.4,82.4,52,0,2.24
460,Tambun,ID,2020-10-24 21:35:00,-6.26,107.07,78.01,83,20,3.36
461,Jiuquan,CN,2020-10-24 21:35:01,39.74,98.52,41.5,61,100,6.02
462,El Dorado,US,2020-10-24 21:35:01,38.77,-120.52,70.0,34,1,4.7
463,Avera,US,2020-10-24 21:35:02,33.19,-82.53,80.6,61,1,3.36
464,Imeni Stepana Razina,RU,2020-10-24 21:35:02,54.89,44.3,44.53,85,100,3.94
465,Papara,BR,2020-10-24 21:35:02,-3.98,-38.73,81.0,83,0,12.75
466,Tuatapere,NZ,2020-10-24 21:35:03,-46.13,167.68,73.0,56,97,17.0
467,Akyab,MM,2020-10-24 21:35:03,20.15,92.9,78.69,88,99,6.31
468,Itoman,JP,2020-10-24 21:35:04,26.12,127.67,71.6,64,40,9.17
469,Sao Paulo De Olivenca,BR,2020-10-24 21:35:04,-3.38,-68.87,84.56,65,84,1.21
470,Barreirinhas,BR,2020-10-24 21:35:05,-2.75,-42.83,79.7,81,5,7.2
471,Arman,RU,2020-10-24 21:35:05,59.7,150.17,39.15,76,100,5.17
472,Lata,PT,2020-10-24 21:35:06,40.16,-8.33,62.01,88,99,4.0
473,Astoria,US,2020-10-24 21:35:06,46.19,-123.83,54.0,57,40,13.87
474,Methoni,GR,2020-10-24 21:35:06,36.82,21.7,64.99,87,0,11.3
475,Leningradskiy,RU,2020-10-24 21:35:07,69.38,178.42,22.68,93,30,7.29
476,Dinguiraye,GN,2020-10-24 21:35:07,11.3,-10.72,74.73,54,26,1.97
477,Praia Da Vitoria,PT,2020-10-24 21:35:08,38.73,-27.07,66.2,93,75,14.65
478,Carhuaz,PE,2020-10-24 21:35:08,-9.28,-77.64,62.62,53,91,6.04
479,Wageningen,NL,2020-10-24 21:35:08,51.97,5.67,60.01,82,90,17.22
480,Kendal,GB,2020-10-24 21:33:08,54.33,-2.75,51.01,96,100,3.0
481,Ibra,OM,2020-10-24 21:35:09,22.69,58.53,67.3,25,0,5.39
482,Ariogala,LT,2020-10-24 21:35:10,55.27,23.47,51.8,81,90,10.29
483,Brooks,CA,2020-10-24 21:35:10,50.58,-111.89,19.0,56,94,3.0
484,Dongsheng,CN,2020-10-24 21:35:10,39.82,109.98,43.9,75,0,7.45
485,Santa Marta,CO,2020-10-24 21:31:41,11.24,-74.2,81.0,86,100,1.01
486,Dharchula,IN,2020-10-24 21:35:11,29.85,80.53,54.55,37,0,5.21
487,Kem,RU,2020-10-24 21:35:11,64.96,34.58,26.46,97,44,8.23
488,Alta Floresta,BR,2020-10-24 21:35:12,-9.88,-56.09,73.2,95,96,4.0
489,Souillac,MU,2020-10-24 21:35:12,-20.52,57.52,71.6,88,75,12.75
490,Bobo Dioulasso,BF,2020-10-24 21:35:13,11.18,-4.3,78.8,74,0,2.82
491,Tual,ID,2020-10-24 21:35:13,-5.67,132.75,82.76,72,67,4.25
492,Rabo De Peixe,PT,2020-10-24 21:35:13,37.8,-25.58,68.0,82,75,17.22
493,Upata,VE,2020-10-24 21:35:14,8.01,-62.4,80.01,83,100,4.27
494,Kyzyl-Suu,KG,2020-10-24 21:35:15,42.34,78.01,35.8,69,45,4.76
495,Bjornevatn,NO,2020-10-24 21:35:15,69.67,29.98,35.6,80,100,16.11
496,Shenjiamen,CN,2020-10-24 21:35:15,29.96,122.3,60.3,67,2,5.68
497,Barentu,ER,2020-10-24 21:35:16,15.11,37.59,80.67,33,77,3.8
498,Suclayin,PH,2020-10-24 21:35:16,15.76,121.55,75.99,83,97,3.27
499,Benjamin Constant,BR,2020-10-24 21:35:16,-4.38,-70.03,93.2,59,20,4.7
500,Qarqin,AF,2020-10-24 21:35:17,37.42,66.04,44.51,56,0,1.52
501,Bavly,RU,2020-10-24 21:35:17,54.39,53.26,45.01,90,70,8.14
502,Bengkulu,ID,2020-10-24 21:35:18,-3.8,102.27,76.33,84,100,3.83
503,Bama,NG,2020-10-24 21:35:18,11.52,13.69,79.84,26,53,7.31
504,Carauari,BR,2020-10-24 21:35:19,-4.88,-66.9,76.44,91,100,1.3
505,Severo-Yeniseyskiy,RU,2020-10-24 21:35:19,60.37,93.04,23.14,98,100,10.54
506,Santa Isabel Do Rio Negro,BR,2020-10-24 21:35:20,-0.41,-65.02,84.65,66,73,1.83
507,Conakry,GN,2020-10-24 21:35:20,9.54,-13.68,80.96,83,7,8.97
508,Pandan,PH,2020-10-24 21:35:21,14.05,124.17,81.79,83,100,13.04
509,Barra Do Garcas,BR,2020-10-24 21:35:21,-15.89,-52.26,76.93,81,100,4.74
510,Luau,AO,2020-10-24 21:35:22,-10.71,22.22,68.13,87,18,3.22
511,Boende,CD,2020-10-24 21:35:22,-0.22,20.87,72.09,98,100,3.31
512,Sangin,AF,2020-10-24 21:35:23,32.07,64.84,50.2,43,0,7.27
513,Pangoa,PE,2020-10-24 21:35:23,-12.12,-73.0,86.09,52,57,1.83
514,Barmer,IN,2020-10-24 21:35:24,25.75,71.38,77.43,31,0,8.21
515,Robore,BO,2020-10-24 21:35:24,-18.33,-59.75,84.2,66,40,4.29
516,Sao Joao Da Barra,BR,2020-10-24 21:35:25,-21.64,-41.05,73.4,94,90,9.17
517,Farafangana,MG,2020-10-24 21:35:25,-22.82,47.83,70.79,82,97,6.38
518,Ngunguru,NZ,2020-10-24 21:35:26,-35.62,174.5,70.0,74,3,7.0
519,Sorong,ID,2020-10-24 21:35:26,-0.88,131.25,79.09,84,100,5.23
520,Dracena,BR,2020-10-24 21:30:39,-21.48,-51.53,78.57,72,5,8.14
521,Zhezkazgan,KZ,2020-10-24 21:35:27,47.8,67.71,34.81,66,89,14.81
522,Awbari,LY,2020-10-24 21:35:27,26.59,12.78,64.98,27,0,3.8
523,Bontang,ID,2020-10-24 21:35:28,0.13,117.5,77.92,84,100,5.68
524,Talara,PE,2020-10-24 21:35:28,-4.58,-81.27,65.64,78,5,15.26
525,Ahipara,NZ,2020-10-24 21:35:29,-35.17,173.17,66.94,69,19,4.85
526,Mackenzie,CA,2020-10-24 21:35:29,55.3,-123.17,26.6,53,40,9.17
527,Porto Belo,BR,2020-10-24 21:34:42,-27.16,-48.55,73.4,88,40,9.17
528,Baykit,RU,2020-10-24 21:35:30,61.67,96.37,25.81,96,100,2.66
529,Zhigansk,RU,2020-10-24 21:35:31,66.77,123.37,21.02,97,100,25.41
530,Selfoss,IS,2020-10-24 21:35:31,63.93,-21.0,42.8,70,75,29.97
531,Marawi,PH,2020-10-24 21:35:31,8.0,124.29,73.99,92,100,4.0
532,Uchiza,PE,2020-10-24 21:35:32,-8.46,-76.46,84.43,58,87,0.89
533,Bela,IN,2020-10-24 21:35:32,25.93,81.98,72.64,39,0,1.21
534,Iganga,UG,2020-10-24 21:35:32,0.61,33.47,66.02,86,10,1.79
535,Marsh Harbour,BS,2020-10-24 21:35:14,26.54,-77.06,80.46,78,96,12.19
536,Potosi,BO,2020-10-24 21:33:01,-19.58,-65.75,55.92,39,31,6.6
537,Kangaba,ML,2020-10-24 21:35:33,11.93,-8.42,78.94,34,1,2.04
538,Highland Springs,US,2020-10-24 21:35:34,37.55,-77.33,82.4,48,75,5.82
539,Fuente De Oro,CO,2020-10-24 21:35:34,3.46,-73.61,80.78,82,52,3.98
540,Novocheboksarsk,RU,2020-10-24 21:35:35,56.11,47.48,42.8,75,40,6.71
541,Namatanai,PG,2020-10-24 21:32:29,-3.67,152.43,82.98,73,23,2.62
542,Leh,IN,2020-10-24 21:35:35,34.17,77.58,31.26,75,0,3.04
543,College,US,2020-10-24 21:35:36,64.86,-147.8,30.99,85,75,1.43
544,Ucluelet,CA,2020-10-24 21:35:18,48.93,-125.55,51.01,46,20,3.36
545,Byron Bay,AU,2020-10-24 21:35:36,-28.65,153.62,73.0,83,6,6.93
546,Mayya,RU,2020-10-24 21:35:37,61.73,130.28,-4.0,83,0,4.47
547,Agirish,RU,2020-10-24 21:35:37,61.92,63.02,23.36,97,100,9.01
548,Eydhafushi,MV,2020-10-24 21:35:37,5.1,73.07,83.07,74,100,10.98
549,Honiara,SB,2020-10-24 21:35:38,-9.43,159.95,80.6,74,20,2.24
550,Noshiro,JP,2020-10-24 21:35:38,40.2,140.02,53.82,68,84,24.25
551,Vila Franca Do Campo,PT,2020-10-24 21:35:39,37.72,-25.43,68.0,82,75,17.22
552,Lufilufi,WS,2020-10-24 21:35:40,-13.87,-171.6,87.8,84,75,9.17
553,Vilyuysk,RU,2020-10-24 21:35:40,63.76,121.62,16.2,94,59,5.82
554,Haizhou,CN,2020-10-24 21:35:41,34.58,119.13,50.58,61,96,4.5
555,Ravar,IR,2020-10-24 21:35:41,31.27,56.81,48.34,50,0,3.58
556,Bestobe,KZ,2020-10-24 21:34:07,52.5,73.1,34.72,78,96,14.58
557,Swan River,CA,2020-10-24 21:35:42,52.11,-101.27,25.72,87,100,6.87
558,Dukat,RU,2020-10-24 21:35:43,62.55,155.55,27.09,94,63,2.37
559,Quballat,TN,2020-10-24 21:35:43,36.54,9.66,66.2,72,20,3.36
560,Coahuayana,MX,2020-10-24 21:35:44,18.73,-103.68,84.2,74,5,5.93
561,Sitka,US,2020-10-24 21:35:44,57.05,-135.33,42.8,52,40,1.7
562,Mwinilunga,ZM,2020-10-24 21:35:44,-11.74,24.43,67.39,48,87,2.15
563,Exeter,GB,2020-10-24 21:35:00,50.72,-3.53,48.99,93,77,12.86
564,Akhtubinsk,RU,2020-10-24 21:35:45,48.28,46.17,57.13,82,96,8.01
565,Bambanglipuro,ID,2020-10-24 21:35:45,-7.95,110.28,77.23,88,99,8.03
566,Ocos,GT,2020-10-24 21:35:46,14.51,-92.19,87.8,70,75,4.7
567,Gavle,SE,2020-10-24 21:35:46,60.67,17.14,34.0,97,84,3.0
568,Sibu,MY,2020-10-24 21:35:46,2.3,111.82,75.2,94,40,2.24
569,Palana,RU,2020-10-24 21:35:47,59.12,159.97,36.34,77,100,4.27
570,Camargo,MX,2020-10-24 21:35:47,27.67,-105.17,88.68,16,41,5.01
571,Phu Ly,VN,2020-10-24 21:35:48,20.54,105.91,69.98,63,100,6.17
572,Lapy,PL,2020-10-24 21:35:48,52.99,22.88,51.01,89,0,8.23
573,Montelimar,FR,2020-10-24 21:35:48,44.56,4.75,53.01,79,41,1.01
574,Henties Bay,NA,2020-10-24 21:35:49,-22.12,14.28,57.99,91,57,1.52
575,Mogadishu,SO,2020-10-24 21:35:49,2.04,45.34,79.68,84,100,6.73
576,Saryg-Sep,RU,2020-10-24 21:35:50,51.5,95.6,28.74,97,100,4.07
577,Mayumba,GA,2020-10-24 21:35:50,-3.43,10.66,76.93,89,96,8.41
578,Turtas,RU,2020-10-24 21:35:51,58.94,69.13,26.29,98,100,11.7
579,Odweyne,SO,2020-10-24 21:35:51,9.41,45.06,74.07,20,34,9.15
580,Opotiki,NZ,2020-10-24 21:35:52,-38.08,177.28,64.99,80,96,1.99
581,Ekibastuz,KZ,2020-10-24 21:35:52,51.67,75.37,32.41,82,100,15.66
582,Huarmey,PE,2020-10-24 21:35:53,-10.07,-78.15,66.16,78,81,8.03
583,Dalaba,GN,2020-10-24 21:35:53,10.7,-12.25,64.38,79,9,1.77
584,Suez,EG,2020-10-24 21:35:54,29.97,32.53,69.66,73,0,9.19
585,Tezu,IN,2020-10-24 21:35:55,27.92,96.17,70.25,86,100,3.36
586,Solnechnyy,RU,2020-10-24 21:35:55,50.72,136.63,37.4,91,100,16.49
587,Portsmouth,GB,2020-10-24 21:35:56,50.8,-1.09,55.0,94,100,1.99
588,Kiboga,UG,2020-10-24 21:35:56,0.92,31.77,63.72,96,31,1.05
589,Atasu,KZ,2020-10-24 21:35:57,48.68,71.64,31.12,78,90,13.47
590,Umm Lajj,SA,2020-10-24 21:35:57,25.02,37.27,83.26,34,0,8.3
591,Paraiso,CR,2020-10-24 21:35:58,9.84,-83.87,75.2,83,75,6.93
